Date,Visitor,VGoal,Home,HGoal,SO
2023-10-10,Chicago Blackhawks,4,Pittsburgh Penguins,2,
2023-10-10,Nashville Predators,3,Tampa Bay Lightning,5,
2023-10-10,Seattle Kraken,1,Vegas Golden Knights,4,
2023-10-11,Chicago Blackhawks,1,Boston Bruins,3,
2023-10-11,Ottawa Senators,3,Carolina Hurricanes,5,
2023-10-11,Winnipeg Jets,3,Calgary Flames,5,
2023-10-11,Colorado Avalanche,5,Los Angeles Kings,2,
2023-10-11,Montreal Canadiens,5,Toronto Maple Leafs,6,SO
2023-10-11,Edmonton Oilers,1,Vancouver Canucks,8,
2023-10-12,New York Rangers,5,Buffalo Sabres,1,
2023-10-12,Philadelphia Flyers,4,Columbus Blue Jackets,2,
2023-10-12,St. Louis Blues,1,Dallas Stars,2,SO
2023-10-12,Florida Panthers,0,Minnesota Wild,2,
2023-10-12,Detroit Red Wings,3,New Jersey Devils,4,
2023-10-12,Seattle Kraken,0,Nashville Predators,3,
2023-10-12,Vegas Golden Knights,4,San Jose Sharks,1,
2023-10-13,Arizona Coyotes,4,New Jersey Devils,3,SO
2023-10-13,Pittsburgh Penguins,4,Washington Capitals,0,
2023-10-14,Nashville Predators,2,Boston Bruins,3,
2023-10-14,New York Rangers,3,Columbus Blue Jackets,5,
2023-10-14,Tampa Bay Lightning,4,Detroit Red Wings,6,
2023-10-14,Vancouver Canucks,4,Edmonton Oilers,3,
2023-10-14,Carolina Hurricanes,6,Los Angeles Kings,5,SO
2023-10-14,Chicago Blackhawks,2,Montreal Canadiens,3,
2023-10-14,Buffalo Sabres,2,New York Islanders,3,
2023-10-14,Philadelphia Flyers,2,Ottawa Senators,5,
2023-10-14,Calgary Flames,2,Pittsburgh Penguins,5,
2023-10-14,Colorado Avalanche,2,San Jose Sharks,1,SO
2023-10-14,Seattle Kraken,1,St. Louis Blues,2,SO
2023-10-14,Minnesota Wild,4,Toronto Maple Leafs,7,
2023-10-14,Anaheim Ducks,1,Vegas Golden Knights,4,
2023-10-14,Florida Panthers,4,Winnipeg Jets,6,
2023-10-15,Carolina Hurricanes,3,Anaheim Ducks,6,
2023-10-15,Tampa Bay Lightning,2,Ottawa Senators,5,
2023-10-16,Detroit Red Wings,4,Columbus Blue Jackets,0,
2023-10-16,Florida Panthers,4,New Jersey Devils,3,
2023-10-16,Arizona Coyotes,1,New York Rangers,2,
2023-10-16,Chicago Blackhawks,4,Toronto Maple Leafs,1,
2023-10-16,Calgary Flames,2,Washington Capitals,3,SO
2023-10-17,Tampa Bay Lightning,2,Buffalo Sabres,3,OT
2023-10-17,Minnesota Wild,5,Montreal Canadiens,2,
2023-10-17,Edmonton Oilers,6,Nashville Predators,1,
2023-10-17,Arizona Coyotes,0,New York Islanders,1,
2023-10-17,Vancouver Canucks,0,Philadelphia Flyers,2,
2023-10-17,Colorado Avalanche,4,Seattle Kraken,1,
2023-10-17,Carolina Hurricanes,6,San Jose Sharks,3,
2023-10-17,Dallas Stars,2,Vegas Golden Knights,3,SO
2023-10-17,Los Angeles Kings,5,Winnipeg Jets,1,
2023-10-18,Pittsburgh Penguins,3,Detroit Red Wings,6,
2023-10-18,Washington Capitals,1,Ottawa Senators,6,
2023-10-19,Dallas Stars,3,Anaheim Ducks,2,
2023-10-19,Calgary Flames,4,Buffalo Sabres,3,
2023-10-19,Chicago Blackhawks,0,Colorado Avalanche,4,
2023-10-19,Toronto Maple Leafs,1,Florida Panthers,3,
2023-10-19,Los Angeles Kings,7,Minnesota Wild,3,
2023-10-19,Nashville Predators,4,New York Rangers,1,
2023-10-19,Edmonton Oilers,1,Philadelphia Flyers,4,
2023-10-19,Carolina Hurricanes,4,Seattle Kraken,7,
2023-10-19,Boston Bruins,3,San Jose Sharks,1,
2023-10-19,Arizona Coyotes,6,St. Louis Blues,2,
2023-10-19,Vancouver Canucks,3,Tampa Bay Lightning,4,
2023-10-19,Vegas Golden Knights,5,Winnipeg Jets,3,
2023-10-20,Calgary Flames,1,Columbus Blue Jackets,3,
2023-10-20,New Jersey Devils,5,New York Islanders,4,OT
2023-10-21,Anaheim Ducks,1,Arizona Coyotes,2,
2023-10-21,New York Islanders,1,Buffalo Sabres,3,
2023-10-21,Vegas Golden Knights,5,Chicago Blackhawks,3,
2023-10-21,Carolina Hurricanes,4,Colorado Avalanche,6,
2023-10-21,Philadelphia Flyers,4,Dallas Stars,5,OT
2023-10-21,Winnipeg Jets,3,Edmonton Oilers,2,OT
2023-10-21,Vancouver Canucks,5,Florida Panthers,3,
2023-10-21,Boston Bruins,4,Los Angeles Kings,2,
2023-10-21,Columbus Blue Jackets,5,Minnesota Wild,4,OT
2023-10-21,Washington Capitals,2,Montreal Canadiens,3,OT
2023-10-21,San Jose Sharks,1,Nashville Predators,5,
2023-10-21,Detroit Red Wings,5,Ottawa Senators,2,
2023-10-21,New York Rangers,4,Seattle Kraken,1,
2023-10-21,Pittsburgh Penguins,2,St. Louis Blues,4,
2023-10-21,Toronto Maple Leafs,4,Tampa Bay Lightning,3,OT
2023-10-22,Boston Bruins,3,Anaheim Ducks,1,
2023-10-22,Calgary Flames,2,Detroit Red Wings,6,
2023-10-23,Montreal Canadiens,3,Buffalo Sabres,1,
2023-10-24,Anaheim Ducks,3,Columbus Blue Jackets,2,OT
2023-10-24,New York Rangers,3,Calgary Flames,1,
2023-10-24,Boston Bruins,3,Chicago Blackhawks,0,
2023-10-24,Seattle Kraken,5,Detroit Red Wings,4,OT
2023-10-24,San Jose Sharks,1,Florida Panthers,3,
2023-10-24,Arizona Coyotes,3,Los Angeles Kings,6,
2023-10-24,Edmonton Oilers,4,Minnesota Wild,7,
2023-10-24,New Jersey Devils,5,Montreal Canadiens,2,
2023-10-24,Vancouver Canucks,3,Nashville Predators,2,
2023-10-24,Colorado Avalanche,7,New York Islanders,4,
2023-10-24,Buffalo Sabres,6,Ottawa Senators,4,
2023-10-24,Dallas Stars,4,Pittsburgh Penguins,1,
2023-10-24,Carolina Hurricanes,0,Tampa Bay Lightning,3,
2023-10-24,Philadelphia Flyers,2,Vegas Golden Knights,3,
2023-10-24,St. Louis Blues,2,Winnipeg Jets,4,
2023-10-24,Toronto Maple Leafs,4,Washington Capitals,1,
2023-10-25,Washington Capitals,6,New Jersey Devils,4,
2023-10-26,Anaheim Ducks,4,Boston Bruins,3,OT
2023-10-26,Seattle Kraken,2,Carolina Hurricanes,3,OT
2023-10-26,St. Louis Blues,3,Calgary Flames,0,
2023-10-26,Toronto Maple Leafs,4,Dallas Stars,1,
2023-10-26,Winnipeg Jets,4,Detroit Red Wings,1,
2023-10-26,New York Rangers,3,Edmonton Oilers,0,
2023-10-26,Columbus Blue Jackets,3,Montreal Canadiens,4,OT
2023-10-26,Ottawa Senators,2,New York Islanders,3,
2023-10-26,Minnesota Wild,2,Philadelphia Flyers,6,
2023-10-26,Colorado Avalanche,0,Pittsburgh Penguins,4,
2023-10-26,San Jose Sharks,0,Tampa Bay Lightning,6,
2023-10-27,Los Angeles Kings,5,Arizona Coyotes,4,
2023-10-27,San Jose Sharks,0,Carolina Hurricanes,3,
2023-10-27,Buffalo Sabres,4,New Jersey Devils,5,
2023-10-27,St. Louis Blues,0,Vancouver Canucks,5,
2023-10-27,Chicago Blackhawks,4,Vegas Golden Knights,3,OT
2023-10-27,Minnesota Wild,2,Washington Capitals,3,SO
2023-10-28,Detroit Red Wings,1,Boston Bruins,4,
2023-10-28,New York Islanders,2,Columbus Blue Jackets,0,
2023-10-28,Seattle Kraken,2,Florida Panthers,3,
2023-10-28,Vegas Golden Knights,4,Los Angeles Kings,3,SO
2023-10-28,Winnipeg Jets,3,Montreal Canadiens,4,SO
2023-10-28,Toronto Maple Leafs,2,Nashville Predators,3,OT
2023-10-28,Anaheim Ducks,7,Philadelphia Flyers,4,
2023-10-28,Ottawa Senators,5,Pittsburgh Penguins,2,
2023-10-28,New York Rangers,4,Vancouver Canucks,3,OT
2023-10-29,Colorado Avalanche,0,Buffalo Sabres,4,
2023-10-29,Calgary Flames,2,Edmonton Oilers,5,
2023-10-29,Minnesota Wild,3,New Jersey Devils,4,
2023-10-29,San Jose Sharks,1,Washington Capitals,3,
2023-10-30,Chicago Blackhawks,1,Arizona Coyotes,8,
2023-10-30,Florida Panthers,2,Boston Bruins,3,OT
2023-10-30,Columbus Blue Jackets,3,Dallas Stars,5,
2023-10-30,Detroit Red Wings,4,New York Islanders,3,OT
2023-10-30,Carolina Hurricanes,3,Philadelphia Flyers,2,
2023-10-30,Anaheim Ducks,4,Pittsburgh Penguins,3,
2023-10-30,Seattle Kraken,4,Tampa Bay Lightning,3,OT
2023-10-30,Montreal Canadiens,2,Vegas Golden Knights,3,SO
2023-10-30,New York Rangers,3,Winnipeg Jets,2,OT
2023-10-31,Los Angeles Kings,4,Toronto Maple Leafs,1,
2023-10-31,Nashville Predators,2,Vancouver Canucks,5,
2023-11-01,Arizona Coyotes,3,Anaheim Ducks,4,OT
2023-11-01,Dallas Stars,4,Calgary Flames,3,
2023-11-01,St. Louis Blues,1,Colorado Avalanche,4,
2023-11-01,Buffalo Sabres,5,Philadelphia Flyers,2,
2023-11-02,Montreal Canadiens,2,Arizona Coyotes,3,
2023-11-02,Toronto Maple Leafs,2,Boston Bruins,3,SO
2023-11-02,Tampa Bay Lightning,2,Columbus Blue Jackets,4,
2023-11-02,Florida Panthers,2,Detroit Red Wings,0,
2023-11-02,Dallas Stars,4,Edmonton Oilers,3,
2023-11-02,New Jersey Devils,5,Minnesota Wild,3,
2023-11-02,Carolina Hurricanes,1,New York Rangers,2,
2023-11-02,Los Angeles Kings,3,Ottawa Senators,2,
2023-11-02,Nashville Predators,2,Seattle Kraken,4,
2023-11-02,Vancouver Canucks,10,San Jose Sharks,1,
2023-11-02,Winnipeg Jets,2,Vegas Golden Knights,5,
2023-11-02,New York Islanders,3,Washington Capitals,0,
2023-11-03,Philadelphia Flyers,5,Buffalo Sabres,1,
2023-11-03,New Jersey Devils,1,St. Louis Blues,4,
2023-11-04,Winnipeg Jets,5,Arizona Coyotes,3,
2023-11-04,Florida Panthers,2,Chicago Blackhawks,5,
2023-11-04,Boston Bruins,4,Detroit Red Wings,5,
2023-11-04,Nashville Predators,5,Edmonton Oilers,2,
2023-11-04,New York Rangers,4,Minnesota Wild,5,SO
2023-11-04,Carolina Hurricanes,4,New York Islanders,3,OT
2023-11-04,Tampa Bay Lightning,6,Ottawa Senators,4,
2023-11-04,Los Angeles Kings,5,Philadelphia Flyers,0,
2023-11-04,Calgary Flames,6,Seattle Kraken,3,
2023-11-04,Pittsburgh Penguins,10,San Jose Sharks,2,
2023-11-04,Montreal Canadiens,3,St. Louis Blues,6,
2023-11-04,Buffalo Sabres,6,Toronto Maple Leafs,4,
2023-11-04,Dallas Stars,0,Vancouver Canucks,2,
2023-11-04,Colorado Avalanche,0,Vegas Golden Knights,7,
2023-11-04,Columbus Blue Jackets,1,Washington Capitals,2,
2023-11-05,Vegas Golden Knights,2,Anaheim Ducks,4,
2023-11-05,New Jersey Devils,4,Chicago Blackhawks,2,
2023-11-06,Boston Bruins,3,Dallas Stars,2,
2023-11-06,Columbus Blue Jackets,4,Florida Panthers,5,OT
2023-11-06,Tampa Bay Lightning,5,Toronto Maple Leafs,6,OT
2023-11-06,Edmonton Oilers,2,Vancouver Canucks,6,
2023-11-07,Pittsburgh Penguins,2,Anaheim Ducks,0,
2023-11-07,Seattle Kraken,3,Arizona Coyotes,4,SO
2023-11-07,Buffalo Sabres,2,Carolina Hurricanes,3,OT
2023-11-07,Nashville Predators,2,Calgary Flames,4,
2023-11-07,New Jersey Devils,3,Colorado Avalanche,6,
2023-11-07,Tampa Bay Lightning,5,Montreal Canadiens,3,
2023-11-07,Minnesota Wild,4,New York Islanders,2,
2023-11-07,Detroit Red Wings,3,New York Rangers,5,
2023-11-07,Philadelphia Flyers,1,San Jose Sharks,2,
2023-11-07,Winnipeg Jets,5,St. Louis Blues,2,
2023-11-08,Ottawa Senators,6,Toronto Maple Leafs,3,
2023-11-08,Los Angeles Kings,4,Vegas Golden Knights,1,
2023-11-08,Florida Panthers,4,Washington Capitals,3,OT
2023-11-09,New York Islanders,2,Boston Bruins,5,
2023-11-09,Dallas Stars,5,Columbus Blue Jackets,2,
2023-11-09,Seattle Kraken,4,Colorado Avalanche,3,
2023-11-09,Montreal Canadiens,3,Detroit Red Wings,2,OT
2023-11-09,Pittsburgh Penguins,4,Los Angeles Kings,3,OT
2023-11-09,Minnesota Wild,1,New York Rangers,4,
2023-11-09,Vancouver Canucks,5,Ottawa Senators,2,
2023-11-09,Edmonton Oilers,2,San Jose Sharks,3,
2023-11-09,Arizona Coyotes,1,St. Louis Blues,2,
2023-11-09,Chicago Blackhawks,5,Tampa Bay Lightning,3,
2023-11-09,Nashville Predators,3,Winnipeg Jets,6,
2023-11-10,Philadelphia Flyers,6,Anaheim Ducks,3,
2023-11-10,Minnesota Wild,2,Buffalo Sabres,3,
2023-11-10,Carolina Hurricanes,2,Florida Panthers,5,
2023-11-10,Washington Capitals,4,New Jersey Devils,2,
2023-11-10,Calgary Flames,4,Toronto Maple Leafs,5,SO
2023-11-10,San Jose Sharks,0,Vegas Golden Knights,5,
2023-11-11,St. Louis Blues,8,Colorado Avalanche,2,
2023-11-11,Columbus Blue Jackets,4,Detroit Red Wings,5,
2023-11-11,Philadelphia Flyers,4,Los Angeles Kings,2,
2023-11-11,Boston Bruins,2,Montreal Canadiens,3,OT
2023-11-11,Arizona Coyotes,7,Nashville Predators,5,
2023-11-11,Washington Capitals,4,New York Islanders,1,
2023-11-11,Calgary Flames,1,Ottawa Senators,4,
2023-11-11,Buffalo Sabres,0,Pittsburgh Penguins,4,
2023-11-11,Edmonton Oilers,4,Seattle Kraken,1,
2023-11-11,Carolina Hurricanes,4,Tampa Bay Lightning,0,
2023-11-11,Vancouver Canucks,2,Toronto Maple Leafs,5,
2023-11-11,Dallas Stars,3,Winnipeg Jets,2,
2023-11-12,San Jose Sharks,1,Anaheim Ducks,4,
2023-11-12,Chicago Blackhawks,3,Florida Panthers,4,
2023-11-12,Dallas Stars,8,Minnesota Wild,3,
2023-11-12,Vancouver Canucks,5,Montreal Canadiens,2,
2023-11-12,Columbus Blue Jackets,3,New York Rangers,4,SO
2023-11-13,New York Islanders,1,Edmonton Oilers,4,
2023-11-13,Colorado Avalanche,5,Seattle Kraken,1,
2023-11-14,Boston Bruins,5,Buffalo Sabres,2,
2023-11-14,Pittsburgh Penguins,5,Columbus Blue Jackets,3,
2023-11-14,Arizona Coyotes,3,Dallas Stars,4,OT
2023-11-14,Calgary Flames,2,Montreal Canadiens,1,
2023-11-14,Anaheim Ducks,3,Nashville Predators,2,
2023-11-14,Florida Panthers,5,San Jose Sharks,3,
2023-11-14,Tampa Bay Lightning,0,St. Louis Blues,5,
2023-11-14,New Jersey Devils,3,Winnipeg Jets,6,
2023-11-14,Vegas Golden Knights,0,Washington Capitals,3,
2023-11-15,Philadelphia Flyers,3,Carolina Hurricanes,1,
2023-11-15,Anaheim Ducks,2,Colorado Avalanche,8,
2023-11-15,Seattle Kraken,3,Edmonton Oilers,4,OT
2023-11-15,New York Islanders,3,Vancouver Canucks,4,OT
2023-11-16,Arizona Coyotes,3,Columbus Blue Jackets,2,
2023-11-16,Vancouver Canucks,2,Calgary Flames,5,
2023-11-16,Tampa Bay Lightning,4,Chicago Blackhawks,2,
2023-11-16,Florida Panthers,1,Los Angeles Kings,2,
2023-11-16,Vegas Golden Knights,6,Montreal Canadiens,5,
2023-11-16,Detroit Red Wings,4,Ottawa Senators,5,OT
2023-11-16,New Jersey Devils,5,Pittsburgh Penguins,2,
2023-11-16,New York Islanders,3,Seattle Kraken,4,SO
2023-11-16,St. Louis Blues,1,San Jose Sharks,5,
2023-11-17,Florida Panthers,2,Anaheim Ducks,1,
2023-11-17,Toronto Maple Leafs,3,Detroit Red Wings,2,
2023-11-17,Buffalo Sabres,2,Winnipeg Jets,3,
2023-11-18,Montreal Canadiens,2,Boston Bruins,5,
2023-11-18,Pittsburgh Penguins,2,Carolina Hurricanes,4,
2023-11-18,New York Islanders,5,Calgary Flames,4,SO
2023-11-18,Colorado Avalanche,6,Dallas Stars,3,
2023-11-18,St. Louis Blues,1,Los Angeles Kings,5,
2023-11-18,New York Rangers,5,New Jersey Devils,3,
2023-11-18,Chicago Blackhawks,2,Nashville Predators,4,
2023-11-18,Minnesota Wild,1,Ottawa Senators,2,SO
2023-11-18,Vegas Golden Knights,3,Philadelphia Flyers,4,OT
2023-11-18,Edmonton Oilers,4,Tampa Bay Lightning,6,
2023-11-18,Seattle Kraken,4,Vancouver Canucks,3,
2023-11-18,Arizona Coyotes,2,Winnipeg Jets,5,
2023-11-18,Columbus Blue Jackets,3,Washington Capitals,4,
2023-11-19,St. Louis Blues,3,Anaheim Ducks,1,
2023-11-19,Buffalo Sabres,3,Chicago Blackhawks,2,
2023-11-19,Toronto Maple Leafs,4,Minnesota Wild,3,OT
2023-11-19,Columbus Blue Jackets,2,Philadelphia Flyers,5,
2023-11-19,Vegas Golden Knights,0,Pittsburgh Penguins,3,
2023-11-20,Los Angeles Kings,4,Arizona Coyotes,1,
2023-11-20,New York Rangers,3,Dallas Stars,6,
2023-11-20,Edmonton Oilers,3,Florida Panthers,5,
2023-11-20,Colorado Avalanche,3,Nashville Predators,4,
2023-11-20,Calgary Flames,4,Seattle Kraken,3,OT
2023-11-20,Boston Bruins,4,Tampa Bay Lightning,5,OT
2023-11-20,San Jose Sharks,1,Vancouver Canucks,3,
2023-11-22,Montreal Canadiens,4,Anaheim Ducks,3,
2023-11-22,St. Louis Blues,6,Arizona Coyotes,5,
2023-11-22,Edmonton Oilers,3,Carolina Hurricanes,6,
2023-11-22,Chicago Blackhawks,3,Columbus Blue Jackets,7,
2023-11-22,Vancouver Canucks,2,Colorado Avalanche,5,
2023-11-22,Vegas Golden Knights,2,Dallas Stars,1,OT
2023-11-22,New Jersey Devils,0,Detroit Red Wings,4,
2023-11-22,Boston Bruins,3,Florida Panthers,1,
2023-11-22,Calgary Flames,2,Nashville Predators,4,
2023-11-22,Philadelphia Flyers,2,New York Islanders,3,
2023-11-22,New York Rangers,1,Pittsburgh Penguins,0,
2023-11-22,San Jose Sharks,1,Seattle Kraken,7,
2023-11-22,Winnipeg Jets,3,Tampa Bay Lightning,2,OT
2023-11-22,Buffalo Sabres,3,Washington Capitals,4,OT
2023-11-24,Los Angeles Kings,5,Anaheim Ducks,2,
2023-11-24,Detroit Red Wings,5,Boston Bruins,2,
2023-11-24,Pittsburgh Penguins,2,Buffalo Sabres,3,
2023-11-24,Tampa Bay Lightning,8,Carolina Hurricanes,2,
2023-11-24,Toronto Maple Leafs,3,Chicago Blackhawks,4,OT
2023-11-24,Calgary Flames,7,Dallas Stars,4,
2023-11-24,Winnipeg Jets,3,Florida Panthers,0,
2023-11-24,Colorado Avalanche,3,Minnesota Wild,2,
2023-11-24,Columbus Blue Jackets,2,New Jersey Devils,1,
2023-11-24,New York Islanders,5,Ottawa Senators,3,
2023-11-24,New York Rangers,3,Philadelphia Flyers,1,
2023-11-24,Vancouver Canucks,5,Seattle Kraken,1,
2023-11-24,Montreal Canadiens,3,San Jose Sharks,2,SO
2023-11-24,Nashville Predators,8,St. Louis Blues,3,
2023-11-24,Edmonton Oilers,5,Washington Capitals,0,
2023-11-25,Calgary Flames,1,Colorado Avalanche,3,
2023-11-25,Montreal Canadiens,0,Los Angeles Kings,4,
2023-11-25,Buffalo Sabres,2,New Jersey Devils,7,
2023-11-25,Philadelphia Flyers,1,New York Islanders,0,SO
2023-11-25,Boston Bruins,4,New York Rangers,7,
2023-11-25,Toronto Maple Leafs,2,Pittsburgh Penguins,3,
2023-11-25,Vancouver Canucks,3,San Jose Sharks,4,
2023-11-25,Arizona Coyotes,2,Vegas Golden Knights,0,
2023-11-26,Columbus Blue Jackets,2,Carolina Hurricanes,3,
2023-11-26,St. Louis Blues,4,Chicago Blackhawks,2,
2023-11-26,Minnesota Wild,1,Detroit Red Wings,4,
2023-11-26,Anaheim Ducks,2,Edmonton Oilers,8,
2023-11-26,Winnipeg Jets,2,Nashville Predators,3,
2023-11-27,Boston Bruins,2,Columbus Blue Jackets,5,
2023-11-27,Vegas Golden Knights,1,Calgary Flames,2,OT
2023-11-27,Tampa Bay Lightning,1,Colorado Avalanche,4,
2023-11-27,Buffalo Sabres,5,New York Rangers,1,
2023-11-27,Florida Panthers,5,Ottawa Senators,0,
2023-11-27,Washington Capitals,1,San Jose Sharks,2,
2023-11-28,Tampa Bay Lightning,1,Arizona Coyotes,3,
2023-11-28,Seattle Kraken,3,Chicago Blackhawks,4,
2023-11-28,Vegas Golden Knights,4,Edmonton Oilers,5,SO
2023-11-28,St. Louis Blues,1,Minnesota Wild,3,
2023-11-28,New York Islanders,4,New Jersey Devils,5,
2023-11-28,Pittsburgh Penguins,2,Nashville Predators,3,OT
2023-11-28,Carolina Hurricanes,4,Philadelphia Flyers,1,
2023-11-28,Florida Panthers,1,Toronto Maple Leafs,2,SO
2023-11-28,Anaheim Ducks,1,Vancouver Canucks,3,
2023-11-28,Dallas Stars,2,Winnipeg Jets,0,
2023-11-29,Montreal Canadiens,4,Columbus Blue Jackets,2,
2023-11-29,Washington Capitals,2,Los Angeles Kings,1,
2023-11-29,Detroit Red Wings,2,New York Rangers,3,
2023-11-30,Washington Capitals,5,Anaheim Ducks,4,
2023-11-30,Colorado Avalanche,3,Arizona Coyotes,4,OT
2023-11-30,San Jose Sharks,0,Boston Bruins,3,
2023-11-30,New York Islanders,5,Carolina Hurricanes,4,OT
2023-11-30,Dallas Stars,3,Calgary Flames,4,OT
2023-11-30,Chicago Blackhawks,1,Detroit Red Wings,5,
2023-11-30,Florida Panthers,5,Montreal Canadiens,1,
2023-11-30,Minnesota Wild,6,Nashville Predators,1,
2023-11-30,New Jersey Devils,4,Philadelphia Flyers,3,OT
2023-11-30,Buffalo Sabres,4,St. Louis Blues,6,
2023-11-30,Pittsburgh Penguins,4,Tampa Bay Lightning,2,
2023-11-30,Seattle Kraken,3,Toronto Maple Leafs,4,SO
2023-11-30,Vegas Golden Knights,4,Vancouver Canucks,1,
2023-11-30,Edmonton Oilers,3,Winnipeg Jets,1,
2023-12-01,Ottawa Senators,2,Columbus Blue Jackets,4,
2023-12-01,San Jose Sharks,6,New Jersey Devils,3,
2023-12-02,Colorado Avalanche,3,Anaheim Ducks,4,SO
2023-12-02,St. Louis Blues,1,Arizona Coyotes,4,
2023-12-02,Buffalo Sabres,2,Carolina Hurricanes,6,
2023-12-02,Vancouver Canucks,4,Calgary Flames,3,
2023-12-02,Tampa Bay Lightning,1,Dallas Stars,8,
2023-12-02,New York Islanders,4,Florida Panthers,3,
2023-12-02,Detroit Red Wings,5,Montreal Canadiens,4,OT
2023-12-02,New York Rangers,4,Nashville Predators,3,
2023-12-02,Seattle Kraken,0,Ottawa Senators,2,
2023-12-02,Philadelphia Flyers,4,Pittsburgh Penguins,3,SO
2023-12-02,Boston Bruins,4,Toronto Maple Leafs,3,OT
2023-12-02,Washington Capitals,1,Vegas Golden Knights,4,
2023-12-02,Chicago Blackhawks,1,Winnipeg Jets,3,
2023-12-03,Columbus Blue Jackets,1,Boston Bruins,3,
2023-12-03,Nashville Predators,2,Buffalo Sabres,1,
2023-12-03,Colorado Avalanche,1,Los Angeles Kings,4,
2023-12-03,Chicago Blackhawks,1,Minnesota Wild,4,
2023-12-03,San Jose Sharks,5,New York Rangers,6,
2023-12-04,Washington Capitals,0,Arizona Coyotes,6,
2023-12-04,Seattle Kraken,2,Montreal Canadiens,4,
2023-12-04,Pittsburgh Penguins,1,Philadelphia Flyers,2,OT
2023-12-04,Dallas Stars,0,Tampa Bay Lightning,4,
2023-12-04,St. Louis Blues,2,Vegas Golden Knights,1,OT
2023-12-04,Carolina Hurricanes,1,Winnipeg Jets,2,
2023-12-05,Detroit Red Wings,5,Buffalo Sabres,3,
2023-12-05,Los Angeles Kings,4,Columbus Blue Jackets,3,OT
2023-12-05,Minnesota Wild,5,Calgary Flames,2,
2023-12-05,Nashville Predators,4,Chicago Blackhawks,3,SO
2023-12-05,Anaheim Ducks,2,Colorado Avalanche,3,
2023-12-05,San Jose Sharks,5,New York Islanders,4,OT
2023-12-05,New York Rangers,2,Ottawa Senators,6,
2023-12-05,New Jersey Devils,6,Vancouver Canucks,5,
2023-12-06,Carolina Hurricanes,1,Edmonton Oilers,6,
2023-12-06,Dallas Stars,4,Florida Panthers,5,
2023-12-06,Vegas Golden Knights,6,St. Louis Blues,3,
2023-12-06,Pittsburgh Penguins,1,Tampa Bay Lightning,3,
2023-12-07,Philadelphia Flyers,4,Arizona Coyotes,1,
2023-12-07,Buffalo Sabres,3,Boston Bruins,1,
2023-12-07,Carolina Hurricanes,2,Calgary Flames,3,
2023-12-07,Anaheim Ducks,0,Chicago Blackhawks,1,
2023-12-07,Winnipeg Jets,4,Colorado Avalanche,2,
2023-12-07,San Jose Sharks,6,Detroit Red Wings,5,OT
2023-12-07,Los Angeles Kings,4,Montreal Canadiens,0,
2023-12-07,Tampa Bay Lightning,1,Nashville Predators,5,
2023-12-07,Columbus Blue Jackets,3,New York Islanders,7,
2023-12-07,Toronto Maple Leafs,4,Ottawa Senators,3,
2023-12-07,New Jersey Devils,2,Seattle Kraken,1,
2023-12-07,Minnesota Wild,0,Vancouver Canucks,2,
2023-12-07,Dallas Stars,5,Washington Capitals,4,SO
2023-12-08,St. Louis Blues,2,Columbus Blue Jackets,5,
2023-12-08,Minnesota Wild,3,Edmonton Oilers,4,
2023-12-08,Pittsburgh Penguins,1,Florida Panthers,3,
2023-12-09,Arizona Coyotes,3,Boston Bruins,5,
2023-12-09,Montreal Canadiens,3,Buffalo Sabres,2,SO
2023-12-09,New Jersey Devils,4,Calgary Flames,2,
2023-12-09,St. Louis Blues,1,Chicago Blackhawks,3,
2023-12-09,Philadelphia Flyers,5,Colorado Avalanche,2,
2023-12-09,Vegas Golden Knights,6,Dallas Stars,1,
2023-12-09,Ottawa Senators,5,Detroit Red Wings,1,
2023-12-09,Los Angeles Kings,2,New York Islanders,3,OT
2023-12-09,Tampa Bay Lightning,4,Seattle Kraken,3,OT
2023-12-09,Nashville Predators,0,Toronto Maple Leafs,4,
2023-12-09,Carolina Hurricanes,3,Vancouver Canucks,4,
2023-12-09,New York Rangers,0,Washington Capitals,4,
2023-12-10,Winnipeg Jets,4,Anaheim Ducks,2,
2023-12-10,Florida Panthers,5,Columbus Blue Jackets,2,
2023-12-10,Washington Capitals,4,Chicago Blackhawks,2,
2023-12-10,New Jersey Devils,1,Edmonton Oilers,4,
2023-12-10,Nashville Predators,2,Montreal Canadiens,1,
2023-12-10,Los Angeles Kings,1,New York Rangers,4,
2023-12-10,Minnesota Wild,3,Seattle Kraken,0,
2023-12-10,San Jose Sharks,4,Vegas Golden Knights,5,SO
2023-12-11,Arizona Coyotes,2,Buffalo Sabres,5,
2023-12-11,Calgary Flames,5,Colorado Avalanche,6,
2023-12-11,Detroit Red Wings,3,Dallas Stars,6,
2023-12-11,Toronto Maple Leafs,3,New York Islanders,4,OT
2023-12-12,Chicago Blackhawks,1,Edmonton Oilers,4,
2023-12-12,Philadelphia Flyers,2,Nashville Predators,3,OT
2023-12-12,Toronto Maple Leafs,7,New York Rangers,3,
2023-12-12,Carolina Hurricanes,4,Ottawa Senators,1,
2023-12-12,Arizona Coyotes,2,Pittsburgh Penguins,4,
2023-12-12,Florida Panthers,0,Seattle Kraken,4,
2023-12-12,Winnipeg Jets,1,San Jose Sharks,2,
2023-12-12,Detroit Red Wings,6,St. Louis Blues,4,
2023-12-12,Tampa Bay Lightning,1,Vancouver Canucks,4,
2023-12-12,Calgary Flames,4,Vegas Golden Knights,5,OT
2023-12-13,Buffalo Sabres,1,Colorado Avalanche,5,
2023-12-13,Winnipeg Jets,5,Los Angeles Kings,2,
2023-12-13,Pittsburgh Penguins,4,Montreal Canadiens,3,SO
2023-12-13,Boston Bruins,1,New Jersey Devils,2,OT
2023-12-13,Anaheim Ducks,3,New York Islanders,4,
2023-12-14,Carolina Hurricanes,2,Detroit Red Wings,1,
2023-12-14,Tampa Bay Lightning,7,Edmonton Oilers,4,
2023-12-14,Calgary Flames,2,Minnesota Wild,3,SO
2023-12-14,Washington Capitals,3,Philadelphia Flyers,4,SO
2023-12-14,Chicago Blackhawks,1,Seattle Kraken,7,
2023-12-14,Ottawa Senators,2,St. Louis Blues,4,
2023-12-14,Columbus Blue Jackets,6,Toronto Maple Leafs,5,OT
2023-12-14,Florida Panthers,0,Vancouver Canucks,4,
2023-12-15,San Jose Sharks,0,Arizona Coyotes,1,
2023-12-15,Nashville Predators,6,Carolina Hurricanes,5,OT
2023-12-15,Ottawa Senators,4,Dallas Stars,5,
2023-12-15,Boston Bruins,5,New York Islanders,4,SO
2023-12-15,Anaheim Ducks,1,New York Rangers,5,
2023-12-15,Buffalo Sabres,5,Vegas Golden Knights,2,
2023-12-16,Buffalo Sabres,0,Arizona Coyotes,2,
2023-12-16,New York Rangers,2,Boston Bruins,1,OT
2023-12-16,New Jersey Devils,6,Columbus Blue Jackets,3,
2023-12-16,Tampa Bay Lightning,2,Calgary Flames,4,
2023-12-16,Florida Panthers,5,Edmonton Oilers,1,
2023-12-16,Vancouver Canucks,1,Minnesota Wild,2,SO
2023-12-16,New York Islanders,3,Montreal Canadiens,5,
2023-12-16,Washington Capitals,1,Nashville Predators,3,
2023-12-16,Detroit Red Wings,0,Philadelphia Flyers,1,
2023-12-16,Los Angeles Kings,3,Seattle Kraken,2,SO
2023-12-16,Dallas Stars,3,St. Louis Blues,4,OT
2023-12-16,Pittsburgh Penguins,0,Toronto Maple Leafs,7,
2023-12-16,Colorado Avalanche,2,Winnipeg Jets,6,
2023-12-17,Washington Capitals,2,Carolina Hurricanes,1,SO
2023-12-17,Vancouver Canucks,4,Chicago Blackhawks,3,
2023-12-17,San Jose Sharks,2,Colorado Avalanche,6,
2023-12-17,Anaheim Ducks,5,New Jersey Devils,1,
2023-12-17,Ottawa Senators,3,Vegas Golden Knights,6,
2023-12-18,Florida Panthers,1,Calgary Flames,3,
2023-12-18,Seattle Kraken,3,Dallas Stars,4,OT
2023-12-18,Anaheim Ducks,4,Detroit Red Wings,3,
2023-12-18,Minnesota Wild,3,Pittsburgh Penguins,4,
2023-12-18,Montreal Canadiens,3,Winnipeg Jets,2,OT
2023-12-19,Ottawa Senators,3,Arizona Coyotes,4,
2023-12-19,Minnesota Wild,4,Boston Bruins,3,OT
2023-12-19,Columbus Blue Jackets,9,Buffalo Sabres,4,
2023-12-19,Vegas Golden Knights,3,Carolina Hurricanes,6,
2023-12-19,Colorado Avalanche,2,Chicago Blackhawks,3,
2023-12-19,Philadelphia Flyers,3,New Jersey Devils,2,OT
2023-12-19,Vancouver Canucks,5,Nashville Predators,2,
2023-12-19,Edmonton Oilers,1,New York Islanders,3,
2023-12-19,Los Angeles Kings,4,San Jose Sharks,1,
2023-12-19,St. Louis Blues,1,Tampa Bay Lightning,6,
2023-12-19,New York Rangers,5,Toronto Maple Leafs,2,
2023-12-20,Seattle Kraken,2,Los Angeles Kings,1,
2023-12-20,Detroit Red Wings,2,Winnipeg Jets,5,
2023-12-20,New York Islanders,2,Washington Capitals,3,OT
2023-12-21,Calgary Flames,3,Anaheim Ducks,0,
2023-12-21,Toronto Maple Leafs,3,Buffalo Sabres,9,
2023-12-21,Washington Capitals,3,Columbus Blue Jackets,2,OT
2023-12-21,Ottawa Senators,4,Colorado Avalanche,6,
2023-12-21,Vancouver Canucks,3,Dallas Stars,4,OT
2023-12-21,St. Louis Blues,4,Florida Panthers,1,
2023-12-21,Montreal Canadiens,3,Minnesota Wild,4,OT
2023-12-21,Edmonton Oilers,6,New Jersey Devils,3,
2023-12-21,Nashville Predators,4,Philadelphia Flyers,2,
2023-12-21,Carolina Hurricanes,1,Pittsburgh Penguins,2,SO
2023-12-21,Arizona Coyotes,5,San Jose Sharks,2,
2023-12-21,Vegas Golden Knights,4,Tampa Bay Lightning,5,
2023-12-22,Montreal Canadiens,5,Chicago Blackhawks,2,
2023-12-22,Philadelphia Flyers,6,Detroit Red Wings,7,SO
2023-12-22,Edmonton Oilers,4,New York Rangers,3,
2023-12-22,Boston Bruins,1,Winnipeg Jets,5,
2023-12-23,Seattle Kraken,3,Anaheim Ducks,2,
2023-12-23,New York Islanders,5,Carolina Hurricanes,4,
2023-12-23,Toronto Maple Leafs,4,Columbus Blue Jackets,1,
2023-12-23,Arizona Coyotes,1,Colorado Avalanche,4,
2023-12-23,Vegas Golden Knights,2,Florida Panthers,4,
2023-12-23,Calgary Flames,3,Los Angeles Kings,5,
2023-12-23,Boston Bruins,2,Minnesota Wild,3,
2023-12-23,Detroit Red Wings,2,New Jersey Devils,3,
2023-12-23,Dallas Stars,3,Nashville Predators,2,
2023-12-23,Buffalo Sabres,3,New York Rangers,4,OT
2023-12-23,Pittsburgh Penguins,4,Ottawa Senators,5,OT
2023-12-23,Chicago Blackhawks,5,St. Louis Blues,7,
2023-12-23,San Jose Sharks,4,Vancouver Canucks,7,
2023-12-23,Tampa Bay Lightning,2,Washington Capitals,1,SO
2023-12-27,Vegas Golden Knights,2,Anaheim Ducks,5,
2023-12-27,Colorado Avalanche,4,Arizona Coyotes,5,OT
2023-12-27,Boston Bruins,4,Buffalo Sabres,1,
2023-12-27,Seattle Kraken,2,Calgary Flames,1,
2023-12-27,Winnipeg Jets,1,Chicago Blackhawks,2,OT
2023-12-27,San Jose Sharks,1,Los Angeles Kings,5,
2023-12-27,Detroit Red Wings,3,Minnesota Wild,6,
2023-12-27,Columbus Blue Jackets,3,New Jersey Devils,4,OT
2023-12-27,Carolina Hurricanes,5,Nashville Predators,2,
2023-12-27,Pittsburgh Penguins,7,New York Islanders,0,
2023-12-27,Washington Capitals,1,New York Rangers,5,
2023-12-27,Dallas Stars,1,St. Louis Blues,2,
2023-12-27,Florida Panthers,3,Tampa Bay Lightning,2,
2023-12-27,Ottawa Senators,4,Toronto Maple Leafs,2,
2023-12-28,Montreal Canadiens,3,Carolina Hurricanes,5,
2023-12-28,Edmonton Oilers,5,San Jose Sharks,0,
2023-12-28,Philadelphia Flyers,4,Vancouver Canucks,1,
2023-12-28,Los Angeles Kings,2,Vegas Golden Knights,3,
2023-12-29,Arizona Coyotes,2,Anaheim Ducks,0,
2023-12-29,Toronto Maple Leafs,5,Columbus Blue Jackets,6,OT
2023-12-29,Chicago Blackhawks,4,Dallas Stars,5,OT
2023-12-29,Nashville Predators,4,Detroit Red Wings,5,OT
2023-12-29,New York Rangers,3,Florida Panthers,4,
2023-12-29,Washington Capitals,1,New York Islanders,5,
2023-12-29,New Jersey Devils,6,Ottawa Senators,2,
2023-12-29,Philadelphia Flyers,1,Seattle Kraken,2,OT
2023-12-29,Colorado Avalanche,2,St. Louis Blues,1,
2023-12-30,New Jersey Devils,2,Boston Bruins,5,
2023-12-30,Columbus Blue Jackets,2,Buffalo Sabres,3,OT
2023-12-30,Montreal Canadiens,1,Florida Panthers,4,
2023-12-30,Edmonton Oilers,3,Los Angeles Kings,2,SO
2023-12-30,St. Louis Blues,2,Pittsburgh Penguins,4,
2023-12-30,New York Rangers,5,Tampa Bay Lightning,1,
2023-12-30,Carolina Hurricanes,3,Toronto Maple Leafs,2,
2023-12-30,Minnesota Wild,2,Winnipeg Jets,4,
2023-12-30,Nashville Predators,3,Washington Capitals,2,SO
2023-12-31,Edmonton Oilers,7,Anaheim Ducks,2,
2023-12-31,Philadelphia Flyers,3,Calgary Flames,4,
2023-12-31,San Jose Sharks,1,Colorado Avalanche,3,
2023-12-31,Chicago Blackhawks,1,Dallas Stars,8,
2023-12-31,Boston Bruins,5,Detroit Red Wings,3,
2023-12-31,Winnipeg Jets,3,Minnesota Wild,2,
2023-12-31,Buffalo Sabres,1,Ottawa Senators,5,
2023-12-31,New York Islanders,1,Pittsburgh Penguins,3,
2023-12-31,Montreal Canadiens,3,Tampa Bay Lightning,4,
2024-01-01,Vegas Golden Knights,0,Seattle Kraken,3,
2024-01-02,Florida Panthers,4,Arizona Coyotes,1,
2024-01-02,Boston Bruins,4,Columbus Blue Jackets,1,
2024-01-02,New York Islanders,4,Colorado Avalanche,5,OT
2024-01-02,Montreal Canadiens,4,Dallas Stars,3,
2024-01-02,Philadelphia Flyers,2,Edmonton Oilers,5,
2024-01-02,Toronto Maple Leafs,3,Los Angeles Kings,0,
2024-01-02,Calgary Flames,3,Minnesota Wild,1,
2024-01-02,Chicago Blackhawks,0,Nashville Predators,3,
2024-01-02,Carolina Hurricanes,6,New York Rangers,1,
2024-01-02,Washington Capitals,4,Pittsburgh Penguins,3,
2024-01-02,Detroit Red Wings,5,San Jose Sharks,3,
2024-01-02,Ottawa Senators,3,Vancouver Canucks,6,
2024-01-02,Tampa Bay Lightning,2,Winnipeg Jets,4,
2024-01-03,Toronto Maple Leafs,2,Anaheim Ducks,1,OT
2024-01-03,New Jersey Devils,6,Washington Capitals,3,
2024-01-04,New York Islanders,5,Arizona Coyotes,1,
2024-01-04,Pittsburgh Penguins,6,Boston Bruins,5,
2024-01-04,Colorado Avalanche,5,Dallas Stars,4,OT
2024-01-04,Detroit Red Wings,4,Los Angeles Kings,3,SO
2024-01-04,Tampa Bay Lightning,4,Minnesota Wild,1,
2024-01-04,Buffalo Sabres,6,Montreal Canadiens,1,
2024-01-04,Calgary Flames,6,Nashville Predators,3,
2024-01-04,Chicago Blackhawks,1,New York Rangers,4,
2024-01-04,Columbus Blue Jackets,3,Philadelphia Flyers,2,SO
2024-01-04,Ottawa Senators,1,Seattle Kraken,4,
2024-01-04,Winnipeg Jets,2,San Jose Sharks,1,
2024-01-04,Vancouver Canucks,1,St. Louis Blues,2,
2024-01-04,Florida Panthers,4,Vegas Golden Knights,1,
2024-01-05,Winnipeg Jets,3,Anaheim Ducks,1,
2024-01-05,Chicago Blackhawks,2,New Jersey Devils,4,
2024-01-05,Carolina Hurricanes,6,Washington Capitals,2,
2024-01-06,Tampa Bay Lightning,3,Boston Bruins,7,
2024-01-06,St. Louis Blues,2,Carolina Hurricanes,1,SO
2024-01-06,Minnesota Wild,4,Columbus Blue Jackets,3,OT
2024-01-06,Florida Panthers,8,Colorado Avalanche,4,
2024-01-06,Nashville Predators,4,Dallas Stars,3,
2024-01-06,Ottawa Senators,1,Edmonton Oilers,3,
2024-01-06,New York Rangers,3,Montreal Canadiens,4,SO
2024-01-06,Vancouver Canucks,6,New Jersey Devils,4,
2024-01-06,Calgary Flames,2,Philadelphia Flyers,3,
2024-01-06,Buffalo Sabres,3,Pittsburgh Penguins,1,
2024-01-06,Toronto Maple Leafs,4,San Jose Sharks,1,
2024-01-06,New York Islanders,2,Vegas Golden Knights,5,
2024-01-07,Detroit Red Wings,3,Anaheim Ducks,2,
2024-01-07,Winnipeg Jets,6,Arizona Coyotes,2,
2024-01-07,Calgary Flames,3,Chicago Blackhawks,4,
2024-01-07,Los Angeles Kings,3,Washington Capitals,4,
2024-01-08,Boston Bruins,3,Colorado Avalanche,4,SO
2024-01-08,Dallas Stars,4,Minnesota Wild,0,
2024-01-08,Vancouver Canucks,6,New York Rangers,3,
2024-01-08,Pittsburgh Penguins,4,Philadelphia Flyers,1,
2024-01-09,Boston Bruins,3,Arizona Coyotes,4,OT
2024-01-09,Seattle Kraken,5,Buffalo Sabres,2,
2024-01-09,Ottawa Senators,3,Calgary Flames,6,
2024-01-09,Edmonton Oilers,2,Chicago Blackhawks,1,
2024-01-09,Anaheim Ducks,5,Nashville Predators,3,
2024-01-09,Vancouver Canucks,5,New York Islanders,2,
2024-01-09,Florida Panthers,5,St. Louis Blues,1,
2024-01-09,Los Angeles Kings,2,Tampa Bay Lightning,3,OT
2024-01-09,San Jose Sharks,1,Toronto Maple Leafs,7,
2024-01-09,Columbus Blue Jackets,0,Winnipeg Jets,5,
2024-01-10,Vegas Golden Knights,0,Colorado Avalanche,3,
2024-01-10,Minnesota Wild,2,Dallas Stars,7,
2024-01-10,Montreal Canadiens,2,Philadelphia Flyers,3,SO
2024-01-11,Calgary Flames,6,Arizona Coyotes,2,
2024-01-11,Ottawa Senators,3,Buffalo Sabres,5,
2024-01-11,Anaheim Ducks,3,Carolina Hurricanes,6,
2024-01-11,Edmonton Oilers,3,Detroit Red Wings,2,OT
2024-01-11,Los Angeles Kings,2,Florida Panthers,3,OT
2024-01-11,San Jose Sharks,3,Montreal Canadiens,2,
2024-01-11,Toronto Maple Leafs,3,New York Islanders,4,OT
2024-01-11,Vancouver Canucks,4,Pittsburgh Penguins,3,OT
2024-01-11,New York Rangers,2,St. Louis Blues,5,
2024-01-11,New Jersey Devils,3,Tampa Bay Lightning,4,OT
2024-01-11,Boston Bruins,1,Vegas Golden Knights,2,OT
2024-01-11,Chicago Blackhawks,1,Winnipeg Jets,2,
2024-01-11,Seattle Kraken,4,Washington Capitals,1,
2024-01-12,Nashville Predators,6,Dallas Stars,3,
2024-01-12,Philadelphia Flyers,4,Minnesota Wild,3,OT
2024-01-13,Vancouver Canucks,1,Buffalo Sabres,0,
2024-01-13,Pittsburgh Penguins,2,Carolina Hurricanes,3,OT
2024-01-13,Seattle Kraken,7,Columbus Blue Jackets,4,
2024-01-13,Dallas Stars,3,Chicago Blackhawks,1,
2024-01-13,Los Angeles Kings,3,Detroit Red Wings,5,
2024-01-13,New Jersey Devils,4,Florida Panthers,1,
2024-01-13,Arizona Coyotes,6,Minnesota Wild,0,
2024-01-13,Edmonton Oilers,2,Montreal Canadiens,1,OT
2024-01-13,New York Islanders,1,Nashville Predators,3,
2024-01-13,San Jose Sharks,4,Ottawa Senators,5,
2024-01-13,Boston Bruins,4,St. Louis Blues,3,OT
2024-01-13,Anaheim Ducks,1,Tampa Bay Lightning,5,
2024-01-13,Colorado Avalanche,5,Toronto Maple Leafs,3,
2024-01-13,Calgary Flames,3,Vegas Golden Knights,1,
2024-01-13,Philadelphia Flyers,2,Winnipeg Jets,0,
2024-01-13,New York Rangers,2,Washington Capitals,3,
2024-01-14,Washington Capitals,1,New York Rangers,2,
2024-01-14,Detroit Red Wings,4,Toronto Maple Leafs,2,
2024-01-15,New Jersey Devils,0,Boston Bruins,3,
2024-01-15,San Jose Sharks,0,Buffalo Sabres,3,
2024-01-15,Los Angeles Kings,5,Carolina Hurricanes,2,
2024-01-15,Vancouver Canucks,3,Columbus Blue Jackets,4,SO
2024-01-15,Anaheim Ducks,5,Florida Panthers,4,OT
2024-01-15,New York Islanders,0,Minnesota Wild,5,
2024-01-15,Colorado Avalanche,3,Montreal Canadiens,4,
2024-01-15,Seattle Kraken,0,Pittsburgh Penguins,3,
2024-01-15,Philadelphia Flyers,4,St. Louis Blues,2,
2024-01-15,Nashville Predators,1,Vegas Golden Knights,4,
2024-01-16,Arizona Coyotes,2,Calgary Flames,3,OT
2024-01-16,San Jose Sharks,1,Chicago Blackhawks,2,SO
2024-01-16,Los Angeles Kings,1,Dallas Stars,5,
2024-01-16,Toronto Maple Leafs,2,Edmonton Oilers,4,
2024-01-16,Seattle Kraken,2,New York Rangers,5,
2024-01-16,Colorado Avalanche,7,Ottawa Senators,4,
2024-01-16,New York Islanders,2,Winnipeg Jets,4,
2024-01-16,Anaheim Ducks,0,Washington Capitals,2,
2024-01-17,Detroit Red Wings,3,Florida Panthers,2,OT
2024-01-17,Montreal Canadiens,3,New Jersey Devils,2,
2024-01-18,Colorado Avalanche,2,Boston Bruins,5,
2024-01-18,Chicago Blackhawks,0,Buffalo Sabres,3,
2024-01-18,Toronto Maple Leafs,4,Calgary Flames,3,
2024-01-18,Seattle Kraken,2,Edmonton Oilers,4,
2024-01-18,Nashville Predators,2,Los Angeles Kings,1,
2024-01-18,Montreal Canadiens,2,Ottawa Senators,6,
2024-01-18,Dallas Stars,1,Philadelphia Flyers,5,
2024-01-18,Minnesota Wild,3,Tampa Bay Lightning,7,
2024-01-18,Arizona Coyotes,1,Vancouver Canucks,2,
2024-01-18,New York Rangers,1,Vegas Golden Knights,5,
2024-01-18,St. Louis Blues,2,Washington Capitals,5,
2024-01-19,Detroit Red Wings,2,Carolina Hurricanes,4,
2024-01-19,New Jersey Devils,4,Columbus Blue Jackets,1,
2024-01-19,New York Islanders,3,Chicago Blackhawks,4,OT
2024-01-19,Minnesota Wild,6,Florida Panthers,4,
2024-01-20,Nashville Predators,2,Arizona Coyotes,3,
2024-01-20,Montreal Canadiens,4,Boston Bruins,9,
2024-01-20,Tampa Bay Lightning,3,Buffalo Sabres,1,
2024-01-20,Edmonton Oilers,3,Calgary Flames,1,
2024-01-20,New York Rangers,1,Los Angeles Kings,2,
2024-01-20,Dallas Stars,6,New Jersey Devils,2,
2024-01-20,Winnipeg Jets,2,Ottawa Senators,1,OT
2024-01-20,Colorado Avalanche,7,Philadelphia Flyers,4,
2024-01-20,Anaheim Ducks,3,San Jose Sharks,5,
2024-01-20,Washington Capitals,0,St. Louis Blues,3,
2024-01-20,Toronto Maple Leafs,4,Vancouver Canucks,6,
2024-01-20,Pittsburgh Penguins,2,Vegas Golden Knights,3,
2024-01-21,New York Rangers,5,Anaheim Ducks,2,
2024-01-21,Minnesota Wild,5,Carolina Hurricanes,2,
2024-01-21,Tampa Bay Lightning,1,Detroit Red Wings,2,
2024-01-21,Dallas Stars,2,New York Islanders,3,OT
2024-01-21,Ottawa Senators,5,Philadelphia Flyers,3,
2024-01-21,Toronto Maple Leafs,3,Seattle Kraken,1,
2024-01-22,Pittsburgh Penguins,2,Arizona Coyotes,5,
2024-01-22,Winnipeg Jets,1,Boston Bruins,4,
2024-01-22,San Jose Sharks,4,Los Angeles Kings,3,SO
2024-01-22,Vegas Golden Knights,5,New Jersey Devils,6,OT
2024-01-22,Florida Panthers,4,Nashville Predators,1,
2024-01-22,Chicago Blackhawks,0,Vancouver Canucks,2,
2024-01-23,Buffalo Sabres,2,Anaheim Ducks,4,
2024-01-23,St. Louis Blues,4,Calgary Flames,3,
2024-01-23,Dallas Stars,5,Detroit Red Wings,4,
2024-01-23,Columbus Blue Jackets,1,Edmonton Oilers,4,
2024-01-23,Washington Capitals,3,Minnesota Wild,5,
2024-01-23,Ottawa Senators,4,Montreal Canadiens,1,
2024-01-23,Vegas Golden Knights,3,New York Islanders,2,
2024-01-23,Tampa Bay Lightning,6,Philadelphia Flyers,3,
2024-01-23,New York Rangers,2,San Jose Sharks,3,OT
2024-01-24,Carolina Hurricanes,3,Boston Bruins,2,
2024-01-24,Washington Capitals,2,Colorado Avalanche,6,
2024-01-24,Arizona Coyotes,2,Florida Panthers,6,
2024-01-24,Buffalo Sabres,5,Los Angeles Kings,3,
2024-01-24,Chicago Blackhawks,2,Seattle Kraken,6,
2024-01-24,Winnipeg Jets,0,Toronto Maple Leafs,1,OT
2024-01-24,St. Louis Blues,4,Vancouver Canucks,3,OT
2024-01-25,New Jersey Devils,2,Carolina Hurricanes,3,
2024-01-25,Columbus Blue Jackets,5,Calgary Flames,2,
2024-01-25,Anaheim Ducks,3,Dallas Stars,4,OT
2024-01-25,Philadelphia Flyers,0,Detroit Red Wings,3,
2024-01-25,Chicago Blackhawks,0,Edmonton Oilers,3,
2024-01-25,Nashville Predators,3,Minnesota Wild,2,
2024-01-25,New York Islanders,3,Montreal Canadiens,4,
2024-01-25,Boston Bruins,3,Ottawa Senators,2,OT
2024-01-25,Arizona Coyotes,3,Tampa Bay Lightning,6,
2024-01-26,Los Angeles Kings,1,Colorado Avalanche,5,
2024-01-26,Vegas Golden Knights,5,New York Rangers,2,
2024-01-26,Florida Panthers,3,Pittsburgh Penguins,2,SO
2024-01-26,St. Louis Blues,4,Seattle Kraken,3,OT
2024-01-27,Arizona Coyotes,1,Carolina Hurricanes,3,
2024-01-27,Chicago Blackhawks,0,Calgary Flames,1,
2024-01-27,Washington Capitals,4,Dallas Stars,5,OT
2024-01-27,Vegas Golden Knights,2,Detroit Red Wings,5,
2024-01-27,Nashville Predators,1,Edmonton Oilers,4,
2024-01-27,Anaheim Ducks,3,Minnesota Wild,2,
2024-01-27,Florida Panthers,3,New York Islanders,2,OT
2024-01-27,New York Rangers,7,Ottawa Senators,2,
2024-01-27,Boston Bruins,6,Philadelphia Flyers,2,
2024-01-27,Montreal Canadiens,2,Pittsburgh Penguins,3,OT
2024-01-27,Buffalo Sabres,5,San Jose Sharks,2,
2024-01-27,New Jersey Devils,3,Tampa Bay Lightning,6,
2024-01-27,Columbus Blue Jackets,4,Vancouver Canucks,5,OT
2024-01-27,Toronto Maple Leafs,4,Winnipeg Jets,2,
2024-01-28,Columbus Blue Jackets,2,Seattle Kraken,4,
2024-01-28,Los Angeles Kings,3,St. Louis Blues,4,OT
2024-01-29,Nashville Predators,3,Ottawa Senators,4,OT
2024-01-30,Seattle Kraken,0,San Jose Sharks,2,
2024-01-30,Columbus Blue Jackets,1,St. Louis Blues,0,
2024-01-31,San Jose Sharks,2,Anaheim Ducks,3,OT
2024-01-31,Ottawa Senators,3,Detroit Red Wings,2,OT
2024-01-31,Los Angeles Kings,4,Nashville Predators,2,
2024-02-05,Colorado Avalanche,1,New York Rangers,2,OT
2024-02-05,New York Islanders,3,Toronto Maple Leafs,2,
2024-02-06,Calgary Flames,4,Boston Bruins,1,
2024-02-06,Dallas Stars,2,Buffalo Sabres,1,
2024-02-06,Vancouver Canucks,3,Carolina Hurricanes,2,
2024-02-06,Philadelphia Flyers,2,Florida Panthers,1,
2024-02-06,Colorado Avalanche,3,New Jersey Devils,5,
2024-02-06,Winnipeg Jets,0,Pittsburgh Penguins,3,
2024-02-06,Edmonton Oilers,1,Vegas Golden Knights,3,
2024-02-06,Montreal Canadiens,5,Washington Capitals,2,
2024-02-07,Minnesota Wild,2,Chicago Blackhawks,1,
2024-02-07,Tampa Bay Lightning,1,New York Rangers,3,
2024-02-07,Dallas Stars,4,Toronto Maple Leafs,5,
2024-02-08,Vegas Golden Knights,3,Arizona Coyotes,2,
2024-02-08,Vancouver Canucks,0,Boston Bruins,4,
2024-02-08,Colorado Avalanche,2,Carolina Hurricanes,5,
2024-02-08,Washington Capitals,2,Florida Panthers,4,
2024-02-08,Calgary Flames,5,New Jersey Devils,3,
2024-02-08,Tampa Bay Lightning,2,New York Islanders,6,
2024-02-08,Winnipeg Jets,1,Philadelphia Flyers,4,
2024-02-09,Edmonton Oilers,5,Anaheim Ducks,3,
2024-02-09,New York Rangers,4,Chicago Blackhawks,3,OT
2024-02-09,Pittsburgh Penguins,2,Minnesota Wild,3,
2024-02-10,Washington Capitals,3,Boston Bruins,0,
2024-02-10,St. Louis Blues,3,Buffalo Sabres,1,
2024-02-10,New Jersey Devils,0,Carolina Hurricanes,1,OT
2024-02-10,Tampa Bay Lightning,4,Columbus Blue Jackets,2,
2024-02-10,Vancouver Canucks,3,Detroit Red Wings,4,OT
2024-02-10,Colorado Avalanche,0,Florida Panthers,4,
2024-02-10,Edmonton Oilers,0,Los Angeles Kings,4,
2024-02-10,Dallas Stars,3,Montreal Canadiens,2,
2024-02-10,Arizona Coyotes,4,Nashville Predators,5,OT
2024-02-10,Calgary Flames,5,New York Islanders,2,
2024-02-10,Toronto Maple Leafs,3,Ottawa Senators,5,
2024-02-10,Seattle Kraken,2,Philadelphia Flyers,3,
2024-02-10,Pittsburgh Penguins,1,Winnipeg Jets,2,
2024-02-11,St. Louis Blues,7,Montreal Canadiens,2,
2024-02-11,Vancouver Canucks,3,Washington Capitals,2,OT
2024-02-12,Seattle Kraken,1,New Jersey Devils,3,
2024-02-12,Calgary Flames,0,New York Rangers,2,
2024-02-12,Arizona Coyotes,3,Philadelphia Flyers,5,
2024-02-12,Minnesota Wild,5,Vegas Golden Knights,3,
2024-02-13,Tampa Bay Lightning,3,Boston Bruins,2,SO
2024-02-13,Los Angeles Kings,0,Buffalo Sabres,7,
2024-02-13,Vancouver Canucks,4,Chicago Blackhawks,2,
2024-02-13,Carolina Hurricanes,2,Dallas Stars,4,
2024-02-13,Detroit Red Wings,4,Edmonton Oilers,8,
2024-02-13,Anaheim Ducks,0,Montreal Canadiens,5,
2024-02-13,New Jersey Devils,4,Nashville Predators,2,
2024-02-13,Seattle Kraken,2,New York Islanders,1,SO
2024-02-13,Columbus Blue Jackets,3,Ottawa Senators,6,
2024-02-13,St. Louis Blues,1,Toronto Maple Leafs,4,
2024-02-13,Colorado Avalanche,6,Washington Capitals,3,
2024-02-14,Minnesota Wild,3,Arizona Coyotes,1,
2024-02-14,Florida Panthers,5,Pittsburgh Penguins,2,
2024-02-14,San Jose Sharks,0,Winnipeg Jets,1,
2024-02-15,Seattle Kraken,4,Boston Bruins,1,
2024-02-15,Florida Panthers,4,Buffalo Sabres,0,
2024-02-15,San Jose Sharks,6,Calgary Flames,3,
2024-02-15,Pittsburgh Penguins,4,Chicago Blackhawks,1,
2024-02-15,Los Angeles Kings,2,New Jersey Devils,1,
2024-02-15,Dallas Stars,9,Nashville Predators,2,
2024-02-15,Montreal Canadiens,4,New York Rangers,7,
2024-02-15,Anaheim Ducks,5,Ottawa Senators,1,
2024-02-15,Edmonton Oilers,3,St. Louis Blues,6,
2024-02-15,Colorado Avalanche,3,Tampa Bay Lightning,6,
2024-02-15,Philadelphia Flyers,3,Toronto Maple Leafs,4,OT
2024-02-15,Detroit Red Wings,1,Vancouver Canucks,4,
2024-02-16,Carolina Hurricanes,5,Arizona Coyotes,1,
2024-02-17,Los Angeles Kings,5,Boston Bruins,4,OT
2024-02-17,Detroit Red Wings,5,Calgary Flames,0,
2024-02-17,Ottawa Senators,2,Chicago Blackhawks,3,
2024-02-17,Edmonton Oilers,4,Dallas Stars,3,OT
2024-02-17,Buffalo Sabres,3,Minnesota Wild,2,OT
2024-02-17,Washington Capitals,4,Montreal Canadiens,3,
2024-02-17,Philadelphia Flyers,3,New Jersey Devils,6,
2024-02-17,Columbus Blue Jackets,4,San Jose Sharks,3,
2024-02-17,Nashville Predators,5,St. Louis Blues,2,
2024-02-17,Florida Panthers,9,Tampa Bay Lightning,2,
2024-02-17,Anaheim Ducks,2,Toronto Maple Leafs,9,
2024-02-17,Winnipeg Jets,4,Vancouver Canucks,2,
2024-02-17,Carolina Hurricanes,3,Vegas Golden Knights,1,
2024-02-18,Arizona Coyotes,3,Colorado Avalanche,4,
2024-02-18,New York Rangers,6,New York Islanders,5,OT
2024-02-18,Los Angeles Kings,2,Pittsburgh Penguins,1,
2024-02-19,Edmonton Oilers,,Arizona Coyotes,,
2024-02-19,Dallas Stars,,Boston Bruins,,
2024-02-19,Anaheim Ducks,,Buffalo Sabres,,
2024-02-19,Chicago Blackhawks,,Carolina Hurricanes,,
2024-02-19,Winnipeg Jets,,Calgary Flames,,
2024-02-19,Vancouver Canucks,,Minnesota Wild,,
2024-02-19,Detroit Red Wings,,Seattle Kraken,,
2024-02-19,Vegas Golden Knights,,San Jose Sharks,,
2024-02-19,Toronto Maple Leafs,,St. Louis Blues,,
2024-02-19,Ottawa Senators,,Tampa Bay Lightning,,
2024-02-20,Vancouver Canucks,,Colorado Avalanche,,
2024-02-20,Ottawa Senators,,Florida Panthers,,
2024-02-20,Columbus Blue Jackets,,Los Angeles Kings,,
2024-02-20,Dallas Stars,,New York Rangers,,
2024-02-20,New York Islanders,,Pittsburgh Penguins,,
2024-02-20,Nashville Predators,,Vegas Golden Knights,,
2024-02-20,Minnesota Wild,,Winnipeg Jets,,
2024-02-20,New Jersey Devils,,Washington Capitals,,
2024-02-21,Columbus Blue Jackets,,Anaheim Ducks,,
2024-02-21,Toronto Maple Leafs,,Arizona Coyotes,,
2024-02-21,Philadelphia Flyers,,Chicago Blackhawks,,
2024-02-21,Boston Bruins,,Edmonton Oilers,,
2024-02-21,Buffalo Sabres,,Montreal Canadiens,,
2024-02-22,Florida Panthers,,Carolina Hurricanes,,
2024-02-22,Boston Bruins,,Calgary Flames,,
2024-02-22,Colorado Avalanche,,Detroit Red Wings,,
2024-02-22,Nashville Predators,,Los Angeles Kings,,
2024-02-22,New York Rangers,,New Jersey Devils,,
2024-02-22,Dallas Stars,,Ottawa Senators,,
2024-02-22,Montreal Canadiens,,Pittsburgh Penguins,,
2024-02-22,Vancouver Canucks,,Seattle Kraken,,
2024-02-22,New York Islanders,,St. Louis Blues,,
2024-02-22,Washington Capitals,,Tampa Bay Lightning,,
2024-02-22,Toronto Maple Leafs,,Vegas Golden Knights,,
2024-02-23,Buffalo Sabres,,Columbus Blue Jackets,,
2024-02-23,Winnipeg Jets,,Chicago Blackhawks,,
2024-02-23,Minnesota Wild,,Edmonton Oilers,,
2024-02-24,Dallas Stars,,Carolina Hurricanes,,
2024-02-24,Toronto Maple Leafs,,Colorado Avalanche,,
2024-02-24,St. Louis Blues,,Detroit Red Wings,,
2024-02-24,Calgary Flames,,Edmonton Oilers,,
2024-02-24,Washington Capitals,,Florida Panthers,,
2024-02-24,Anaheim Ducks,,Los Angeles Kings,,
2024-02-24,Montreal Canadiens,,New Jersey Devils,,
2024-02-24,Tampa Bay Lightning,,New York Islanders,,
2024-02-24,Vegas Golden Knights,,Ottawa Senators,,
2024-02-24,New York Rangers,,Philadelphia Flyers,,
2024-02-24,Minnesota Wild,,Seattle Kraken,,
2024-02-24,Nashville Predators,,San Jose Sharks,,
2024-02-24,Boston Bruins,,Vancouver Canucks,,
2024-02-25,Nashville Predators,,Anaheim Ducks,,
2024-02-25,Carolina Hurricanes,,Buffalo Sabres,,
2024-02-25,New York Rangers,,Columbus Blue Jackets,,
2024-02-25,Detroit Red Wings,,Chicago Blackhawks,,
2024-02-25,Tampa Bay Lightning,,New Jersey Devils,,
2024-02-25,Philadelphia Flyers,,Pittsburgh Penguins,,
2024-02-25,Arizona Coyotes,,Winnipeg Jets,,
2024-02-26,New York Islanders,,Dallas Stars,,
2024-02-26,Los Angeles Kings,,Edmonton Oilers,,
2024-02-26,Boston Bruins,,Seattle Kraken,,
2024-02-26,Ottawa Senators,,Washington Capitals,,
2024-02-27,Los Angeles Kings,,Calgary Flames,,
2024-02-27,Dallas Stars,,Colorado Avalanche,,
2024-02-27,Washington Capitals,,Detroit Red Wings,,
2024-02-27,Buffalo Sabres,,Florida Panthers,,
2024-02-27,Carolina Hurricanes,,Minnesota Wild,,
2024-02-27,Arizona Coyotes,,Montreal Canadiens,,
2024-02-27,Ottawa Senators,,Nashville Predators,,
2024-02-27,Tampa Bay Lightning,,Philadelphia Flyers,,
2024-02-27,New Jersey Devils,,San Jose Sharks,,
2024-02-27,Vegas Golden Knights,,Toronto Maple Leafs,,
2024-02-27,Pittsburgh Penguins,,Vancouver Canucks,,
2024-02-27,St. Louis Blues,,Winnipeg Jets,,
2024-02-28,St. Louis Blues,,Edmonton Oilers,,
2024-02-28,Columbus Blue Jackets,,New York Rangers,,
2024-02-29,Vegas Golden Knights,,Boston Bruins,,
2024-02-29,Carolina Hurricanes,,Columbus Blue Jackets,,
2024-02-29,Colorado Avalanche,,Chicago Blackhawks,,
2024-02-29,Winnipeg Jets,,Dallas Stars,,
2024-02-29,New York Islanders,,Detroit Red Wings,,
2024-02-29,Montreal Canadiens,,Florida Panthers,,
2024-02-29,Minnesota Wild,,Nashville Predators,,
2024-02-29,Pittsburgh Penguins,,Seattle Kraken,,
2024-02-29,Anaheim Ducks,,San Jose Sharks,,
2024-02-29,Buffalo Sabres,,Tampa Bay Lightning,,
2024-02-29,Arizona Coyotes,,Toronto Maple Leafs,,
2024-02-29,Los Angeles Kings,,Vancouver Canucks,,
2024-03-01,New Jersey Devils,,Anaheim Ducks,,
2024-03-01,Arizona Coyotes,,Ottawa Senators,,
2024-03-01,Philadelphia Flyers,,Washington Capitals,,
2024-03-02,Vegas Golden Knights,,Buffalo Sabres,,
2024-03-02,Winnipeg Jets,,Carolina Hurricanes,,
2024-03-02,Pittsburgh Penguins,,Calgary Flames,,
2024-03-02,Columbus Blue Jackets,,Chicago Blackhawks,,
2024-03-02,San Jose Sharks,,Dallas Stars,,
2024-03-02,Florida Panthers,,Detroit Red Wings,,
2024-03-02,Colorado Avalanche,,Nashville Predators,,
2024-03-02,Boston Bruins,,New York Islanders,,
2024-03-02,Ottawa Senators,,Philadelphia Flyers,,
2024-03-02,Edmonton Oilers,,Seattle Kraken,,
2024-03-02,Minnesota Wild,,St. Louis Blues,,
2024-03-02,Montreal Canadiens,,Tampa Bay Lightning,,
2024-03-02,New York Rangers,,Toronto Maple Leafs,,
2024-03-03,Vancouver Canucks,,Anaheim Ducks,,
2024-03-03,Winnipeg Jets,,Buffalo Sabres,,
2024-03-03,Pittsburgh Penguins,,Edmonton Oilers,,
2024-03-03,New Jersey Devils,,Los Angeles Kings,,
2024-03-03,San Jose Sharks,,Minnesota Wild,,
2024-03-03,Arizona Coyotes,,Washington Capitals,,
2024-03-04,Vegas Golden Knights,,Columbus Blue Jackets,,
2024-03-04,Seattle Kraken,,Calgary Flames,,
2024-03-04,Chicago Blackhawks,,Colorado Avalanche,,
2024-03-04,Florida Panthers,,New York Rangers,,
2024-03-04,St. Louis Blues,,Philadelphia Flyers,,
2024-03-04,Boston Bruins,,Toronto Maple Leafs,,
2024-03-05,Chicago Blackhawks,,Arizona Coyotes,,
2024-03-05,Edmonton Oilers,,Boston Bruins,,
2024-03-05,Vancouver Canucks,,Los Angeles Kings,,
2024-03-05,Florida Panthers,,New Jersey Devils,,
2024-03-05,Montreal Canadiens,,Nashville Predators,,
2024-03-05,St. Louis Blues,,New York Islanders,,
2024-03-05,Columbus Blue Jackets,,Pittsburgh Penguins,,
2024-03-05,Dallas Stars,,San Jose Sharks,,
2024-03-05,Seattle Kraken,,Winnipeg Jets,,
2024-03-06,Ottawa Senators,,Anaheim Ducks,,
2024-03-06,Detroit Red Wings,,Colorado Avalanche,,
2024-03-06,Buffalo Sabres,,Toronto Maple Leafs,,
2024-03-07,Minnesota Wild,,Arizona Coyotes,,
2024-03-07,Toronto Maple Leafs,,Boston Bruins,,
2024-03-07,Montreal Canadiens,,Carolina Hurricanes,,
2024-03-07,Edmonton Oilers,,Columbus Blue Jackets,,
2024-03-07,Philadelphia Flyers,,Florida Panthers,,
2024-03-07,Ottawa Senators,,Los Angeles Kings,,
2024-03-07,St. Louis Blues,,New Jersey Devils,,
2024-03-07,Buffalo Sabres,,Nashville Predators,,
2024-03-07,Washington Capitals,,Pittsburgh Penguins,,
2024-03-07,New York Islanders,,San Jose Sharks,,
2024-03-07,Calgary Flames,,Tampa Bay Lightning,,
2024-03-07,Vancouver Canucks,,Vegas Golden Knights,,
2024-03-08,Dallas Stars,,Anaheim Ducks,,
2024-03-08,Detroit Red Wings,,Arizona Coyotes,,
2024-03-08,Minnesota Wild,,Colorado Avalanche,,
2024-03-08,Winnipeg Jets,,Seattle Kraken,,
2024-03-09,Pittsburgh Penguins,,Boston Bruins,,
2024-03-09,Edmonton Oilers,,Buffalo Sabres,,
2024-03-09,Nashville Predators,,Columbus Blue Jackets,,
2024-03-09,Calgary Flames,,Florida Panthers,,
2024-03-09,Dallas Stars,,Los Angeles Kings,,
2024-03-09,Toronto Maple Leafs,,Montreal Canadiens,,
2024-03-09,Carolina Hurricanes,,New Jersey Devils,,
2024-03-09,St. Louis Blues,,New York Rangers,,
2024-03-09,Ottawa Senators,,San Jose Sharks,,
2024-03-09,Philadelphia Flyers,,Tampa Bay Lightning,,
2024-03-09,Winnipeg Jets,,Vancouver Canucks,,
2024-03-09,Detroit Red Wings,,Vegas Golden Knights,,
2024-03-09,Chicago Blackhawks,,Washington Capitals,,
2024-03-10,New York Islanders,,Anaheim Ducks,,
2024-03-10,Calgary Flames,,Carolina Hurricanes,,
2024-03-10,Arizona Coyotes,,Chicago Blackhawks,,
2024-03-10,Nashville Predators,,Minnesota Wild,,
2024-03-10,Edmonton Oilers,,Pittsburgh Penguins,,
2024-03-11,St. Louis Blues,,Boston Bruins,,
2024-03-11,New York Islanders,,Los Angeles Kings,,
2024-03-11,New Jersey Devils,,New York Rangers,,
2024-03-11,Washington Capitals,,Winnipeg Jets,,
2024-03-12,Detroit Red Wings,,Buffalo Sabres,,
2024-03-12,New York Rangers,,Carolina Hurricanes,,
2024-03-12,Colorado Avalanche,,Calgary Flames,,
2024-03-12,Anaheim Ducks,,Chicago Blackhawks,,
2024-03-12,Florida Panthers,,Dallas Stars,,
2024-03-12,Arizona Coyotes,,Minnesota Wild,,
2024-03-12,Columbus Blue Jackets,,Montreal Canadiens,,
2024-03-12,Pittsburgh Penguins,,Ottawa Senators,,
2024-03-12,San Jose Sharks,,Philadelphia Flyers,,
2024-03-12,Vegas Golden Knights,,Seattle Kraken,,
2024-03-13,Washington Capitals,,Edmonton Oilers,,
2024-03-13,Los Angeles Kings,,St. Louis Blues,,
2024-03-13,Colorado Avalanche,,Vancouver Canucks,,
2024-03-13,Nashville Predators,,Winnipeg Jets,,
2024-03-14,New York Islanders,,Buffalo Sabres,,
2024-03-14,Florida Panthers,,Carolina Hurricanes,,
2024-03-14,Ottawa Senators,,Columbus Blue Jackets,,
2024-03-14,Vegas Golden Knights,,Calgary Flames,,
2024-03-14,New Jersey Devils,,Dallas Stars,,
2024-03-14,Arizona Coyotes,,Detroit Red Wings,,
2024-03-14,Anaheim Ducks,,Minnesota Wild,,
2024-03-14,Boston Bruins,,Montreal Canadiens,,
2024-03-14,Toronto Maple Leafs,,Philadelphia Flyers,,
2024-03-14,San Jose Sharks,,Pittsburgh Penguins,,
2024-03-14,Washington Capitals,,Seattle Kraken,,
2024-03-14,New York Rangers,,Tampa Bay Lightning,,
2024-03-15,Los Angeles Kings,,Chicago Blackhawks,,
2024-03-15,Anaheim Ducks,,Winnipeg Jets,,
2024-03-16,New Jersey Devils,,Arizona Coyotes,,
2024-03-16,Philadelphia Flyers,,Boston Bruins,,
2024-03-16,San Jose Sharks,,Columbus Blue Jackets,,
2024-03-16,Montreal Canadiens,,Calgary Flames,,
2024-03-16,Los Angeles Kings,,Dallas Stars,,
2024-03-16,Buffalo Sabres,,Detroit Red Wings,,
2024-03-16,Colorado Avalanche,,Edmonton Oilers,,
2024-03-16,Tampa Bay Lightning,,Florida Panthers,,
2024-03-16,Ottawa Senators,,New York Islanders,,
2024-03-16,New York Rangers,,Pittsburgh Penguins,,
2024-03-16,Nashville Predators,,Seattle Kraken,,
2024-03-16,Minnesota Wild,,St. Louis Blues,,
2024-03-16,Carolina Hurricanes,,Toronto Maple Leafs,,
2024-03-16,Washington Capitals,,Vancouver Canucks,,
2024-03-17,Winnipeg Jets,,Columbus Blue Jackets,,
2024-03-17,San Jose Sharks,,Chicago Blackhawks,,
2024-03-17,New York Islanders,,New York Rangers,,
2024-03-17,Carolina Hurricanes,,Ottawa Senators,,
2024-03-17,Detroit Red Wings,,Pittsburgh Penguins,,
2024-03-17,Anaheim Ducks,,St. Louis Blues,,
2024-03-17,New Jersey Devils,,Vegas Golden Knights,,
2024-03-18,Washington Capitals,,Calgary Flames,,
2024-03-18,Buffalo Sabres,,Seattle Kraken,,
2024-03-19,Minnesota Wild,,Anaheim Ducks,,
2024-03-19,Ottawa Senators,,Boston Bruins,,
2024-03-19,Columbus Blue Jackets,,Detroit Red Wings,,
2024-03-19,Montreal Canadiens,,Edmonton Oilers,,
2024-03-19,Chicago Blackhawks,,Los Angeles Kings,,
2024-03-19,Pittsburgh Penguins,,New Jersey Devils,,
2024-03-19,San Jose Sharks,,Nashville Predators,,
2024-03-19,Carolina Hurricanes,,New York Islanders,,
2024-03-19,Winnipeg Jets,,New York Rangers,,
2024-03-19,Toronto Maple Leafs,,Philadelphia Flyers,,
2024-03-19,Colorado Avalanche,,St. Louis Blues,,
2024-03-19,Buffalo Sabres,,Vancouver Canucks,,
2024-03-19,Tampa Bay Lightning,,Vegas Golden Knights,,
2024-03-20,Arizona Coyotes,,Dallas Stars,,
2024-03-20,Minnesota Wild,,Los Angeles Kings,,
2024-03-20,Toronto Maple Leafs,,Washington Capitals,,
2024-03-21,Chicago Blackhawks,,Anaheim Ducks,,
2024-03-21,New York Rangers,,Boston Bruins,,
2024-03-21,Philadelphia Flyers,,Carolina Hurricanes,,
2024-03-21,New York Islanders,,Detroit Red Wings,,
2024-03-21,Buffalo Sabres,,Edmonton Oilers,,
2024-03-21,Nashville Predators,,Florida Panthers,,
2024-03-21,Winnipeg Jets,,New Jersey Devils,,
2024-03-21,St. Louis Blues,,Ottawa Senators,,
2024-03-21,Tampa Bay Lightning,,San Jose Sharks,,
2024-03-21,Montreal Canadiens,,Vancouver Canucks,,
2024-03-21,Seattle Kraken,,Vegas Golden Knights,,
2024-03-22,Seattle Kraken,,Arizona Coyotes,,
2024-03-22,Columbus Blue Jackets,,Colorado Avalanche,,
2024-03-22,Pittsburgh Penguins,,Dallas Stars,,
2024-03-22,Carolina Hurricanes,,Washington Capitals,,
2024-03-23,Tampa Bay Lightning,,Los Angeles Kings,,
2024-03-23,St. Louis Blues,,Minnesota Wild,,
2024-03-23,Ottawa Senators,,New Jersey Devils,,
2024-03-23,Detroit Red Wings,,Nashville Predators,,
2024-03-23,Winnipeg Jets,,New York Islanders,,
2024-03-23,Florida Panthers,,New York Rangers,,
2024-03-23,Boston Bruins,,Philadelphia Flyers,,
2024-03-23,Chicago Blackhawks,,San Jose Sharks,,
2024-03-23,Edmonton Oilers,,Toronto Maple Leafs,,
2024-03-23,Calgary Flames,,Vancouver Canucks,,
2024-03-23,Columbus Blue Jackets,,Vegas Golden Knights,,
2024-03-24,Tampa Bay Lightning,,Anaheim Ducks,,
2024-03-24,Dallas Stars,,Arizona Coyotes,,
2024-03-24,Toronto Maple Leafs,,Carolina Hurricanes,,
2024-03-24,Buffalo Sabres,,Calgary Flames,,
2024-03-24,Pittsburgh Penguins,,Colorado Avalanche,,
2024-03-24,New Jersey Devils,,New York Islanders,,
2024-03-24,Edmonton Oilers,,Ottawa Senators,,
2024-03-24,Florida Panthers,,Philadelphia Flyers,,
2024-03-24,Montreal Canadiens,,Seattle Kraken,,
2024-03-24,Winnipeg Jets,,Washington Capitals,,
2024-03-25,Vegas Golden Knights,,St. Louis Blues,,
2024-03-25,Los Angeles Kings,,Vancouver Canucks,,
2024-03-26,Columbus Blue Jackets,,Arizona Coyotes,,
2024-03-26,Calgary Flames,,Chicago Blackhawks,,
2024-03-26,Montreal Canadiens,,Colorado Avalanche,,
2024-03-26,Boston Bruins,,Florida Panthers,,
2024-03-26,Vegas Golden Knights,,Nashville Predators,,
2024-03-26,Philadelphia Flyers,,New York Rangers,,
2024-03-26,Carolina Hurricanes,,Pittsburgh Penguins,,
2024-03-26,Anaheim Ducks,,Seattle Kraken,,
2024-03-26,Dallas Stars,,San Jose Sharks,,
2024-03-26,New Jersey Devils,,Toronto Maple Leafs,,
2024-03-26,Edmonton Oilers,,Winnipeg Jets,,
2024-03-26,Detroit Red Wings,,Washington Capitals,,
2024-03-27,Ottawa Senators,,Buffalo Sabres,,
2024-03-27,Boston Bruins,,Tampa Bay Lightning,,
2024-03-28,Nashville Predators,,Arizona Coyotes,,
2024-03-28,Detroit Red Wings,,Carolina Hurricanes,,
2024-03-28,New York Rangers,,Colorado Avalanche,,
2024-03-28,Los Angeles Kings,,Edmonton Oilers,,
2024-03-28,New York Islanders,,Florida Panthers,,
2024-03-28,San Jose Sharks,,Minnesota Wild,,
2024-03-28,Philadelphia Flyers,,Montreal Canadiens,,
2024-03-28,Chicago Blackhawks,,Ottawa Senators,,
2024-03-28,Columbus Blue Jackets,,Pittsburgh Penguins,,
2024-03-28,Anaheim Ducks,,Seattle Kraken,,
2024-03-28,Calgary Flames,,St. Louis Blues,,
2024-03-28,Washington Capitals,,Toronto Maple Leafs,,
2024-03-28,Dallas Stars,,Vancouver Canucks,,
2024-03-28,Vegas Golden Knights,,Winnipeg Jets,,
2024-03-29,New Jersey Devils,,Buffalo Sabres,,
2024-03-30,New York Rangers,,Arizona Coyotes,,
2024-03-30,Toronto Maple Leafs,,Buffalo Sabres,,
2024-03-30,Pittsburgh Penguins,,Columbus Blue Jackets,,
2024-03-30,Los Angeles Kings,,Calgary Flames,,
2024-03-30,Nashville Predators,,Colorado Avalanche,,
2024-03-30,Anaheim Ducks,,Edmonton Oilers,,
2024-03-30,Detroit Red Wings,,Florida Panthers,,
2024-03-30,Vegas Golden Knights,,Minnesota Wild,,
2024-03-30,Carolina Hurricanes,,Montreal Canadiens,,
2024-03-30,Chicago Blackhawks,,Philadelphia Flyers,,
2024-03-30,Dallas Stars,,Seattle Kraken,,
2024-03-30,San Jose Sharks,,St. Louis Blues,,
2024-03-30,New York Islanders,,Tampa Bay Lightning,,
2024-03-30,Ottawa Senators,,Winnipeg Jets,,
2024-03-30,Boston Bruins,,Washington Capitals,,
2024-03-31,Anaheim Ducks,,Vancouver Canucks,,
2024-04-01,Colorado Avalanche,,Columbus Blue Jackets,,
2024-04-01,Pittsburgh Penguins,,New York Rangers,,
2024-04-01,New York Islanders,,Philadelphia Flyers,,
2024-04-01,Seattle Kraken,,San Jose Sharks,,
2024-04-01,Edmonton Oilers,,St. Louis Blues,,
2024-04-01,Detroit Red Wings,,Tampa Bay Lightning,,
2024-04-01,Florida Panthers,,Toronto Maple Leafs,,
2024-04-01,Los Angeles Kings,,Winnipeg Jets,,
2024-04-02,Washington Capitals,,Buffalo Sabres,,
2024-04-02,Anaheim Ducks,,Calgary Flames,,
2024-04-02,Ottawa Senators,,Minnesota Wild,,
2024-04-02,Florida Panthers,,Montreal Canadiens,,
2024-04-02,Pittsburgh Penguins,,New Jersey Devils,,
2024-04-02,Boston Bruins,,Nashville Predators,,
2024-04-02,Chicago Blackhawks,,New York Islanders,,
2024-04-02,Vancouver Canucks,,Vegas Golden Knights,,
2024-04-03,Vancouver Canucks,,Arizona Coyotes,,
2024-04-03,Edmonton Oilers,,Dallas Stars,,
2024-04-03,Seattle Kraken,,Los Angeles Kings,,
2024-04-03,New Jersey Devils,,New York Rangers,,
2024-04-03,Tampa Bay Lightning,,Toronto Maple Leafs,,
2024-04-04,Boston Bruins,,Carolina Hurricanes,,
2024-04-04,New York Islanders,,Columbus Blue Jackets,,
2024-04-04,Colorado Avalanche,,Minnesota Wild,,
2024-04-04,Tampa Bay Lightning,,Montreal Canadiens,,
2024-04-04,St. Louis Blues,,Nashville Predators,,
2024-04-04,Florida Panthers,,Ottawa Senators,,
2024-04-04,Los Angeles Kings,,San Jose Sharks,,
2024-04-04,Calgary Flames,,Winnipeg Jets,,
2024-04-04,Pittsburgh Penguins,,Washington Capitals,,
2024-04-05,Seattle Kraken,,Anaheim Ducks,,
2024-04-05,Vegas Golden Knights,,Arizona Coyotes,,
2024-04-05,Philadelphia Flyers,,Buffalo Sabres,,
2024-04-05,Washington Capitals,,Carolina Hurricanes,,
2024-04-05,New York Rangers,,Detroit Red Wings,,
2024-04-05,Colorado Avalanche,,Edmonton Oilers,,
2024-04-06,Florida Panthers,,Boston Bruins,,
2024-04-06,Philadelphia Flyers,,Columbus Blue Jackets,,
2024-04-06,Edmonton Oilers,,Calgary Flames,,
2024-04-06,Dallas Stars,,Chicago Blackhawks,,
2024-04-06,Vancouver Canucks,,Los Angeles Kings,,
2024-04-06,Winnipeg Jets,,Minnesota Wild,,
2024-04-06,Toronto Maple Leafs,,Montreal Canadiens,,
2024-04-06,Nashville Predators,,New York Islanders,,
2024-04-06,New Jersey Devils,,Ottawa Senators,,
2024-04-06,Tampa Bay Lightning,,Pittsburgh Penguins,,
2024-04-06,St. Louis Blues,,San Jose Sharks,,
2024-04-07,St. Louis Blues,,Anaheim Ducks,,
2024-04-07,Columbus Blue Jackets,,Carolina Hurricanes,,
2024-04-07,Minnesota Wild,,Chicago Blackhawks,,
2024-04-07,Dallas Stars,,Colorado Avalanche,,
2024-04-07,Buffalo Sabres,,Detroit Red Wings,,
2024-04-07,Nashville Predators,,New Jersey Devils,,
2024-04-07,Montreal Canadiens,,New York Rangers,,
2024-04-07,Arizona Coyotes,,San Jose Sharks,,
2024-04-07,Ottawa Senators,,Washington Capitals,,
2024-04-08,Pittsburgh Penguins,,Toronto Maple Leafs,,
2024-04-08,Vegas Golden Knights,,Vancouver Canucks,,
2024-04-09,Los Angeles Kings,,Anaheim Ducks,,
2024-04-09,Carolina Hurricanes,,Boston Bruins,,
2024-04-09,Minnesota Wild,,Colorado Avalanche,,
2024-04-09,Buffalo Sabres,,Dallas Stars,,
2024-04-09,Washington Capitals,,Detroit Red Wings,,
2024-04-09,Ottawa Senators,,Florida Panthers,,
2024-04-09,Philadelphia Flyers,,Montreal Canadiens,,
2024-04-09,Toronto Maple Leafs,,New Jersey Devils,,
2024-04-09,Winnipeg Jets,,Nashville Predators,,
2024-04-09,New York Rangers,,New York Islanders,,
2024-04-09,Arizona Coyotes,,Seattle Kraken,,
2024-04-09,Calgary Flames,,San Jose Sharks,,
2024-04-09,Columbus Blue Jackets,,Tampa Bay Lightning,,
2024-04-10,Vegas Golden Knights,,Edmonton Oilers,,
2024-04-10,Chicago Blackhawks,,St. Louis Blues,,
2024-04-10,Arizona Coyotes,,Vancouver Canucks,,
2024-04-11,Washington Capitals,,Buffalo Sabres,,
2024-04-11,Winnipeg Jets,,Dallas Stars,,
2024-04-11,Columbus Blue Jackets,,Florida Panthers,,
2024-04-11,Calgary Flames,,Los Angeles Kings,,
2024-04-11,Montreal Canadiens,,New York Islanders,,
2024-04-11,Philadelphia Flyers,,New York Rangers,,
2024-04-11,Detroit Red Wings,,Pittsburgh Penguins,,
2024-04-11,San Jose Sharks,,Seattle Kraken,,
2024-04-11,Ottawa Senators,,Tampa Bay Lightning,,
2024-04-11,New Jersey Devils,,Toronto Maple Leafs,,
2024-04-12,Calgary Flames,,Anaheim Ducks,,
2024-04-12,Nashville Predators,,Chicago Blackhawks,,
2024-04-12,Arizona Coyotes,,Edmonton Oilers,,
2024-04-12,Carolina Hurricanes,,St. Louis Blues,,
2024-04-12,Minnesota Wild,,Vegas Golden Knights,,
2024-04-13,Winnipeg Jets,,Colorado Avalanche,,
2024-04-13,Seattle Kraken,,Dallas Stars,,
2024-04-13,Vancouver Canucks,,Edmonton Oilers,,
2024-04-13,Buffalo Sabres,,Florida Panthers,,
2024-04-13,Anaheim Ducks,,Los Angeles Kings,,
2024-04-13,Columbus Blue Jackets,,Nashville Predators,,
2024-04-13,New York Islanders,,New York Rangers,,
2024-04-13,Montreal Canadiens,,Ottawa Senators,,
2024-04-13,New Jersey Devils,,Philadelphia Flyers,,
2024-04-13,Boston Bruins,,Pittsburgh Penguins,,
2024-04-13,Minnesota Wild,,San Jose Sharks,,
2024-04-13,Detroit Red Wings,,Toronto Maple Leafs,,
2024-04-13,Tampa Bay Lightning,,Washington Capitals,,
2024-04-14,Arizona Coyotes,,Calgary Flames,,
2024-04-14,Carolina Hurricanes,,Chicago Blackhawks,,
2024-04-14,Seattle Kraken,,St. Louis Blues,,
2024-04-14,Colorado Avalanche,,Vegas Golden Knights,,
2024-04-15,Montreal Canadiens,,Detroit Red Wings,,
2024-04-15,San Jose Sharks,,Edmonton Oilers,,
2024-04-15,Minnesota Wild,,Los Angeles Kings,,
2024-04-15,New York Islanders,,New Jersey Devils,,
2024-04-15,Ottawa Senators,,New York Rangers,,
2024-04-15,Nashville Predators,,Pittsburgh Penguins,,
2024-04-15,Buffalo Sabres,,Tampa Bay Lightning,,
2024-04-15,Boston Bruins,,Washington Capitals,,
2024-04-16,Ottawa Senators,,Boston Bruins,,
2024-04-16,Carolina Hurricanes,,Columbus Blue Jackets,,
2024-04-16,Toronto Maple Leafs,,Florida Panthers,,
2024-04-16,Detroit Red Wings,,Montreal Canadiens,,
2024-04-16,Washington Capitals,,Philadelphia Flyers,,
2024-04-16,Calgary Flames,,Vancouver Canucks,,
2024-04-16,Chicago Blackhawks,,Vegas Golden Knights,,
2024-04-16,Seattle Kraken,,Winnipeg Jets,,
2024-04-17,Edmonton Oilers,,Arizona Coyotes,,
2024-04-17,St. Louis Blues,,Dallas Stars,,
2024-04-17,Pittsburgh Penguins,,New York Islanders,,
2024-04-17,Toronto Maple Leafs,,Tampa Bay Lightning,,
2024-04-18,San Jose Sharks,,Calgary Flames,,
2024-04-18,Edmonton Oilers,,Colorado Avalanche,,
2024-04-18,Chicago Blackhawks,,Los Angeles Kings,,
2024-04-18,Seattle Kraken,,Minnesota Wild,,
2024-04-18,Anaheim Ducks,,Vegas Golden Knights,,
2024-04-18,Vancouver Canucks,,Winnipeg Jets,,